{"train/loss": 0.9093, "train/learning_rate": 1.0396927016645328e-05, "train/epoch": 0.96, "train/global_step": 4500, "_timestamp": 1681705160.3438785, "_runtime": 462.5496335029602, "_step": 8}